FlightID,AirlineID,RouteID,DateID,FlightStatus,Delay_Min,DelayRisk,FlightDuration_Min,TicketPrice,Delayed Flight Fact,High Risk Flights Fact,Average Delay Fact
1,2,1,20221009,On Time,0,No Risk,202,8217,0,0,0
2,2,10,20230309,On Time,0,No Risk,155,15828,0,0,0
3,4,9,20230909,On Time,0,No Risk,263,44090,0,0,0
4,7,4,20230405,Delayed,6,Low Risk,837,11963,1,0,6
5,7,6,20221012,On Time,0,No Risk,404,8198,0,0,0
6,2,7,20220410,On Time,0,No Risk,412,41065,0,0,0
7,5,1,20230416,On Time,0,No Risk,447,6664,0,0,0
8,5,11,20230926,Delayed,97,High Risk,651,14101,1,1,97
9,2,1,20231109,On Time,0,No Risk,356,6729,0,0,0
10,4,2,20230125,On Time,0,No Risk,710,25409,0,0,0
11,3,6,20221230,On Time,0,No Risk,333,43969,0,0,0
12,2,10,20231013,On Time,0,No Risk,806,17543,0,0,0
13,3,8,20230124,On Time,0,No Risk,715,38000,0,0,0
14,4,11,20221129,Delayed,19,Low Risk,294,3603,1,0,19
15,6,7,20221002,On Time,0,No Risk,640,22122,0,0,0
16,4,11,20230527,On Time,0,No Risk,718,31571,0,0,0
17,3,5,20220523,On Time,0,No Risk,634,36822,0,0,0
18,5,12,20230822,On Time,0,No Risk,657,27675,0,0,0
19,6,4,20220522,On Time,0,No Risk,153,4587,0,0,0
20,2,3,20231005,On Time,0,No Risk,756,29166,0,0,0
21,2,7,20230126,Delayed,124,High Risk,601,17976,1,1,124
22,1,11,20220428,Delayed,142,High Risk,828,18986,1,1,142
23,6,2,20221028,On Time,0,No Risk,524,1712,0,0,0
24,5,9,20220702,On Time,0,No Risk,168,42479,0,0,0
25,5,11,20230604,Delayed,44,Medium Risk,442,12087,1,0,44
26,1,10,20221128,On Time,0,No Risk,174,25288,0,0,0
27,5,4,20220301,On Time,0,No Risk,640,6661,0,0,0
28,2,12,20230513,Delayed,141,High Risk,188,9914,1,1,141
29,8,9,20220619,On Time,0,No Risk,681,29230,0,0,0
30,4,9,20231208,On Time,0,No Risk,379,27648,0,0,0
31,6,8,20230614,On Time,0,No Risk,313,16225,0,0,0
32,2,6,20220122,Delayed,63,Medium Risk,662,15932,1,0,63
33,1,2,20231226,Delayed,63,Medium Risk,129,3558,1,0,63
34,6,2,20230611,On Time,0,No Risk,745,33312,0,0,0
35,4,9,20220516,Delayed,151,High Risk,650,32476,1,1,151
36,4,8,20230221,On Time,0,No Risk,159,44687,0,0,0
37,7,6,20230310,On Time,0,No Risk,806,5050,0,0,0
38,2,1,20230217,Delayed,32,Medium Risk,314,14056,1,0,32
39,4,9,20230405,On Time,0,No Risk,247,19754,0,0,0
40,8,4,20220319,On Time,0,No Risk,623,7916,0,0,0
41,1,11,20230708,Delayed,28,Low Risk,831,16991,1,0,28
42,3,7,20230513,On Time,0,No Risk,470,5342,0,0,0
43,3,7,20220103,Cancelled,0,No Risk,331,31319,0,0,0
44,5,7,20231215,Cancelled,0,No Risk,629,44876,0,0,0
45,8,3,20220714,On Time,0,No Risk,119,39457,0,0,0
46,1,12,20221118,On Time,0,No Risk,658,32746,0,0,0
47,3,1,20230605,On Time,0,No Risk,250,5990,0,0,0
48,2,11,20220829,On Time,0,No Risk,643,17635,0,0,0
49,1,10,20220325,On Time,0,No Risk,657,38542,0,0,0
50,6,5,20220729,Delayed,85,Medium Risk,304,18907,1,0,85
51,7,3,20231119,Delayed,122,High Risk,383,6254,1,1,122
52,1,8,20230929,Cancelled,0,No Risk,162,6301,0,0,0
53,4,9,20220929,On Time,0,No Risk,417,6008,0,0,0
54,4,6,20221019,On Time,0,No Risk,616,21325,0,0,0
55,1,11,20230722,On Time,0,No Risk,739,8288,0,0,0
56,3,5,20220429,Delayed,146,High Risk,219,19348,1,1,146
57,5,10,20220804,Delayed,57,Medium Risk,763,43065,1,0,57
58,5,9,20230516,On Time,0,No Risk,112,7548,0,0,0
59,7,5,20220215,On Time,0,No Risk,193,43253,0,0,0
60,5,3,20230329,Delayed,114,High Risk,634,2133,1,1,114
61,2,2,20231209,Cancelled,0,No Risk,618,3861,0,0,0
62,6,10,20230720,On Time,0,No Risk,190,4241,0,0,0
63,5,6,20220210,Delayed,58,Medium Risk,758,17853,1,0,58
64,2,6,20230728,Delayed,109,High Risk,695,11628,1,1,109
65,4,3,20220701,Delayed,11,Low Risk,243,23270,1,0,11
66,7,11,20220912,On Time,0,No Risk,778,8584,0,0,0
67,7,1,20230427,On Time,0,No Risk,531,24415,0,0,0
68,5,4,20220817,On Time,0,No Risk,257,27613,0,0,0
69,6,5,20220313,Cancelled,0,No Risk,345,24512,0,0,0
70,7,11,20230704,On Time,0,No Risk,88,9059,0,0,0
71,5,3,20230818,Cancelled,0,No Risk,331,4007,0,0,0
72,2,10,20230321,On Time,0,No Risk,381,30099,0,0,0
73,2,7,20230814,On Time,0,No Risk,105,30077,0,0,0
74,1,9,20230706,Delayed,176,High Risk,261,25369,1,1,176
75,7,2,20231112,Cancelled,0,No Risk,698,22072,0,0,0
76,2,12,20221104,On Time,0,No Risk,742,28264,0,0,0
77,6,7,20231215,On Time,0,No Risk,190,14072,0,0,0
78,7,11,20230124,Delayed,49,Medium Risk,690,38796,1,0,49
79,5,7,20230716,Delayed,82,Medium Risk,353,15274,1,0,82
80,7,10,20230914,Delayed,124,High Risk,512,30477,1,1,124
81,4,9,20230430,Delayed,48,Medium Risk,734,7057,1,0,48
82,5,9,20231111,Delayed,90,Medium Risk,155,16892,1,0,90
83,5,4,20220723,On Time,0,No Risk,107,17546,0,0,0
84,8,10,20220316,On Time,0,No Risk,704,39227,0,0,0
85,4,12,20231215,On Time,0,No Risk,469,17489,0,0,0
86,3,11,20231206,On Time,0,No Risk,828,8485,0,0,0
87,7,4,20220630,Delayed,137,High Risk,535,4791,1,1,137
88,4,2,20230413,On Time,0,No Risk,535,36308,0,0,0
89,6,8,20230920,Delayed,134,High Risk,496,37405,1,1,134
90,8,3,20230502,On Time,0,No Risk,829,17703,0,0,0
91,5,9,20230512,Delayed,75,Medium Risk,510,6577,1,0,75
92,5,4,20221006,On Time,0,No Risk,613,6780,0,0,0
93,3,3,20220825,On Time,0,No Risk,216,15521,0,0,0
94,2,7,20230222,On Time,0,No Risk,537,28748,0,0,0
95,1,4,20230307,On Time,0,No Risk,658,2780,0,0,0
96,7,8,20220107,Cancelled,0,No Risk,365,27058,0,0,0
97,7,9,20230714,Delayed,61,Medium Risk,559,15880,1,0,61
98,5,7,20230513,On Time,0,No Risk,404,27997,0,0,0
99,3,8,20220511,Cancelled,0,No Risk,606,3267,0,0,0
100,7,10,20230801,Delayed,26,Low Risk,718,29589,1,0,26
101,3,8,20220706,On Time,0,No Risk,448,22953,0,0,0
102,4,8,20221201,On Time,0,No Risk,448,19735,0,0,0
103,7,5,20220325,On Time,0,No Risk,827,36851,0,0,0
104,1,6,20220818,Delayed,171,High Risk,101,3533,1,1,171
105,4,4,20220121,Delayed,66,Medium Risk,189,32535,1,0,66
106,2,10,20220812,On Time,0,No Risk,322,25675,0,0,0
107,3,10,20230914,Cancelled,0,No Risk,795,9006,0,0,0
108,3,5,20220421,Delayed,84,Medium Risk,649,26096,1,0,84
109,7,12,20220723,On Time,0,No Risk,767,42606,0,0,0
110,4,2,20231215,Delayed,180,High Risk,674,9433,1,1,180
111,1,6,20230630,On Time,0,No Risk,439,6019,0,0,0
112,6,1,20230307,Delayed,32,Medium Risk,503,25236,1,0,32
113,8,12,20220606,On Time,0,No Risk,811,35693,0,0,0
114,5,10,20230706,Delayed,124,High Risk,506,40328,1,1,124
115,5,6,20220909,Delayed,27,Low Risk,345,31043,1,0,27
116,4,8,20230807,Delayed,102,High Risk,404,3380,1,1,102
117,8,6,20220706,On Time,0,No Risk,423,18431,0,0,0
118,6,5,20230903,Delayed,75,Medium Risk,629,2165,1,0,75
119,4,2,20220905,Delayed,130,High Risk,628,17249,1,1,130
120,8,11,20231230,On Time,0,No Risk,77,7598,0,0,0
121,5,4,20230219,Delayed,83,Medium Risk,739,39612,1,0,83
122,6,8,20230721,On Time,0,No Risk,495,37570,0,0,0
123,6,6,20231221,On Time,0,No Risk,373,17975,0,0,0
124,4,2,20220717,On Time,0,No Risk,820,36618,0,0,0
125,3,4,20220810,Delayed,75,Medium Risk,801,40139,1,0,75
126,5,2,20220718,On Time,0,No Risk,429,13259,0,0,0
127,5,1,20231227,On Time,0,No Risk,340,4482,0,0,0
128,1,9,20221027,Delayed,37,Medium Risk,713,33670,1,0,37
129,2,1,20230811,On Time,0,No Risk,550,30366,0,0,0
130,6,3,20220222,On Time,0,No Risk,549,8976,0,0,0
131,2,7,20230519,On Time,0,No Risk,704,5013,0,0,0
132,3,3,20230731,Cancelled,0,No Risk,147,17765,0,0,0
133,2,9,20230303,Delayed,163,High Risk,291,35747,1,1,163
134,7,8,20230330,On Time,0,No Risk,662,29603,0,0,0
135,5,10,20230928,On Time,0,No Risk,817,8003,0,0,0
136,4,11,20220805,On Time,0,No Risk,143,11792,0,0,0
137,4,3,20230720,On Time,0,No Risk,62,28272,0,0,0
138,8,12,20230901,On Time,0,No Risk,93,16670,0,0,0
139,5,12,20221017,Delayed,121,High Risk,132,16797,1,1,121
140,5,11,20230827,Delayed,55,Medium Risk,495,9021,1,0,55
141,4,11,20220602,Cancelled,0,No Risk,205,6179,0,0,0
142,1,3,20221111,Delayed,150,High Risk,355,30280,1,1,150
143,2,8,20231207,On Time,0,No Risk,472,19341,0,0,0
144,8,8,20220324,Delayed,115,High Risk,812,22623,1,1,115
145,5,1,20220404,On Time,0,No Risk,750,39196,0,0,0
146,1,11,20221003,Delayed,49,Medium Risk,541,35510,1,0,49
147,8,5,20220705,Cancelled,0,No Risk,506,43101,0,0,0
148,8,2,20230427,On Time,0,No Risk,401,22540,0,0,0
149,2,3,20221204,On Time,0,No Risk,567,20388,0,0,0
150,7,9,20220207,On Time,0,No Risk,382,18041,0,0,0
151,6,2,20230218,Delayed,5,Low Risk,733,37059,1,0,5
152,8,7,20220225,On Time,0,No Risk,430,42304,0,0,0
153,8,11,20230329,Delayed,57,Medium Risk,333,37493,1,0,57
154,3,5,20230325,Delayed,129,High Risk,184,3391,1,1,129
155,4,12,20220612,On Time,0,No Risk,74,37692,0,0,0
156,7,2,20220819,Cancelled,0,No Risk,176,31741,0,0,0
157,2,11,20220607,On Time,0,No Risk,793,20627,0,0,0
158,5,7,20230510,Cancelled,0,No Risk,309,31435,0,0,0
159,3,7,20220715,Cancelled,0,No Risk,580,10446,0,0,0
160,2,5,20230301,On Time,0,No Risk,579,19009,0,0,0
161,1,5,20221102,Delayed,153,High Risk,735,33589,1,1,153
162,3,8,20230706,On Time,0,No Risk,400,37670,0,0,0
163,7,8,20221126,Delayed,66,Medium Risk,645,26598,1,0,66
164,4,7,20220214,On Time,0,No Risk,544,26484,0,0,0
165,7,11,20231030,Cancelled,0,No Risk,567,3926,0,0,0
166,3,9,20230828,On Time,0,No Risk,162,30355,0,0,0
167,2,9,20230413,On Time,0,No Risk,207,28368,0,0,0
168,3,2,20230426,Delayed,72,Medium Risk,406,42345,1,0,72
169,7,11,20220324,Delayed,177,High Risk,606,26404,1,1,177
170,6,11,20230515,Delayed,14,Low Risk,692,5984,1,0,14
171,4,11,20231202,Cancelled,0,No Risk,292,7423,0,0,0
172,7,2,20231011,Delayed,30,Low Risk,514,12402,1,0,30
173,5,1,20220217,On Time,0,No Risk,117,20726,0,0,0
174,6,6,20230318,On Time,0,No Risk,603,28504,0,0,0
175,3,3,20220629,On Time,0,No Risk,451,42113,0,0,0
176,4,8,20230821,On Time,0,No Risk,532,43305,0,0,0
177,5,8,20220919,Delayed,124,High Risk,354,37321,1,1,124
178,3,2,20230329,Cancelled,0,No Risk,661,21105,0,0,0
179,7,12,20220914,On Time,0,No Risk,369,14555,0,0,0
180,7,8,20220420,On Time,0,No Risk,645,25024,0,0,0
181,5,12,20221030,On Time,0,No Risk,734,27439,0,0,0
182,5,1,20230803,Delayed,17,Low Risk,680,34053,1,0,17
183,5,4,20230914,Delayed,61,Medium Risk,711,13960,1,0,61
184,5,11,20231107,Delayed,40,Medium Risk,703,7867,1,0,40
185,1,5,20230328,On Time,0,No Risk,433,10112,0,0,0
186,2,5,20221201,Delayed,49,Medium Risk,265,10161,1,0,49
187,6,9,20230529,Cancelled,0,No Risk,228,18340,0,0,0
188,8,5,20221213,Delayed,124,High Risk,137,10724,1,1,124
189,4,11,20231122,Cancelled,0,No Risk,630,25471,0,0,0
190,2,7,20220115,On Time,0,No Risk,186,31304,0,0,0
191,6,11,20231120,On Time,0,No Risk,450,43347,0,0,0
192,6,2,20231123,On Time,0,No Risk,85,42102,0,0,0
193,6,10,20220815,Delayed,167,High Risk,535,21304,1,1,167
194,7,2,20220524,On Time,0,No Risk,98,21446,0,0,0
195,8,2,20220410,On Time,0,No Risk,610,10390,0,0,0
196,7,8,20230115,Delayed,143,High Risk,489,39991,1,1,143
197,3,7,20231102,On Time,0,No Risk,561,41847,0,0,0
198,7,5,20220203,Delayed,60,Medium Risk,514,30643,1,0,60
199,4,6,20220412,Cancelled,0,No Risk,436,37182,0,0,0
200,6,1,20230212,On Time,0,No Risk,185,31300,0,0,0
201,2,11,20220806,Delayed,157,High Risk,81,4814,1,1,157
202,6,4,20220509,Delayed,57,Medium Risk,130,37820,1,0,57
203,4,10,20220810,Delayed,64,Medium Risk,396,11170,1,0,64
204,1,5,20220529,Cancelled,0,No Risk,613,17926,0,0,0
205,3,2,20231108,Delayed,38,Medium Risk,75,24977,1,0,38
206,4,10,20221128,On Time,0,No Risk,331,4934,0,0,0
207,3,12,20230308,On Time,0,No Risk,823,5665,0,0,0
208,8,8,20230106,On Time,0,No Risk,171,31122,0,0,0
209,4,10,20220214,Delayed,173,High Risk,593,21267,1,1,173
210,8,11,20220201,On Time,0,No Risk,550,27820,0,0,0
211,7,11,20220421,On Time,0,No Risk,514,6316,0,0,0
212,2,6,20230915,On Time,0,No Risk,189,19523,0,0,0
213,6,7,20230904,On Time,0,No Risk,524,34631,0,0,0
214,7,2,20231220,On Time,0,No Risk,730,44158,0,0,0
215,4,7,20230408,Delayed,110,High Risk,407,31220,1,1,110
216,7,7,20220408,On Time,0,No Risk,380,18204,0,0,0
217,6,3,20231205,Cancelled,0,No Risk,128,7478,0,0,0
218,2,2,20230319,On Time,0,No Risk,816,25921,0,0,0
219,3,9,20220303,Delayed,148,High Risk,635,23103,1,1,148
220,2,7,20221229,Delayed,113,High Risk,798,4871,1,1,113
221,5,10,20221116,On Time,0,No Risk,651,34753,0,0,0
222,4,3,20231104,On Time,0,No Risk,170,24445,0,0,0
223,6,2,20221013,Delayed,114,High Risk,634,42245,1,1,114
224,1,10,20231105,Delayed,73,Medium Risk,89,13323,1,0,73
225,5,12,20221113,Cancelled,0,No Risk,419,1900,0,0,0
226,3,3,20230803,Delayed,22,Low Risk,205,42995,1,0,22
227,1,2,20230628,On Time,0,No Risk,489,31230,0,0,0
228,6,3,20230114,On Time,0,No Risk,392,38697,0,0,0
229,2,1,20220609,On Time,0,No Risk,692,4761,0,0,0
230,2,5,20230330,Delayed,129,High Risk,681,30469,1,1,129
231,7,5,20220809,Delayed,34,Medium Risk,413,29674,1,0,34
232,2,5,20231126,Delayed,129,High Risk,599,21712,1,1,129
233,1,4,20230209,Cancelled,0,No Risk,116,2003,0,0,0
234,4,5,20220805,Delayed,70,Medium Risk,356,23003,1,0,70
235,2,1,20230525,Delayed,49,Medium Risk,192,26417,1,0,49
236,4,9,20230727,Delayed,95,High Risk,133,27522,1,1,95
237,1,7,20220120,On Time,0,No Risk,139,22016,0,0,0
238,7,10,20230219,Delayed,111,High Risk,356,9048,1,1,111
239,7,1,20221129,On Time,0,No Risk,692,31652,0,0,0
240,6,2,20230324,Delayed,67,Medium Risk,506,40092,1,0,67
241,7,9,20220322,On Time,0,No Risk,377,23750,0,0,0
242,4,6,20220622,On Time,0,No Risk,708,8972,0,0,0
243,4,6,20221226,Delayed,170,High Risk,211,16984,1,1,170
244,2,3,20220920,On Time,0,No Risk,676,11518,0,0,0
245,2,3,20231006,On Time,0,No Risk,832,38444,0,0,0
246,8,11,20230802,Delayed,164,High Risk,390,42605,1,1,164
247,6,3,20230327,On Time,0,No Risk,512,42878,0,0,0
248,5,5,20230829,On Time,0,No Risk,579,6362,0,0,0
249,5,8,20230408,On Time,0,No Risk,437,20313,0,0,0
250,2,11,20220403,Delayed,134,High Risk,453,31824,1,1,134
251,1,8,20230809,Delayed,87,Medium Risk,679,32670,1,0,87
252,3,1,20230407,On Time,0,No Risk,411,7026,0,0,0
253,3,1,20220911,Delayed,117,High Risk,596,35758,1,1,117
254,3,6,20230117,Cancelled,0,No Risk,456,28289,0,0,0
255,6,11,20230905,On Time,0,No Risk,706,43921,0,0,0
256,6,2,20221204,On Time,0,No Risk,754,26833,0,0,0
257,5,5,20231104,Cancelled,0,No Risk,677,11354,0,0,0
258,6,2,20230820,Delayed,94,High Risk,377,44495,1,1,94
259,7,3,20230902,Delayed,26,Low Risk,377,38129,1,0,26
260,7,11,20221203,Delayed,176,High Risk,779,35997,1,1,176
261,2,11,20231118,On Time,0,No Risk,430,2694,0,0,0
262,6,5,20220704,Cancelled,0,No Risk,409,33368,0,0,0
263,4,4,20220521,On Time,0,No Risk,362,8128,0,0,0
264,1,11,20221211,Delayed,163,High Risk,194,40641,1,1,163
265,7,3,20220616,On Time,0,No Risk,769,42442,0,0,0
266,3,12,20230325,On Time,0,No Risk,433,17066,0,0,0
267,8,10,20221019,Delayed,119,High Risk,299,36496,1,1,119
268,4,5,20230426,Cancelled,0,No Risk,258,25606,0,0,0
269,8,8,20221016,Delayed,133,High Risk,600,28937,1,1,133
270,3,4,20230912,On Time,0,No Risk,316,4919,0,0,0
271,8,6,20230722,Cancelled,0,No Risk,788,35310,0,0,0
272,2,5,20220327,Delayed,74,Medium Risk,520,35143,1,0,74
273,3,7,20220404,Cancelled,0,No Risk,287,31065,0,0,0
274,6,1,20230301,On Time,0,No Risk,574,26007,0,0,0
275,4,7,20220325,On Time,0,No Risk,88,22385,0,0,0
276,2,12,20231028,On Time,0,No Risk,209,10517,0,0,0
277,1,5,20230429,Delayed,40,Medium Risk,837,32243,1,0,40
278,8,10,20220106,Cancelled,0,No Risk,79,18272,0,0,0
279,4,3,20230716,Cancelled,0,No Risk,683,36088,0,0,0
280,7,2,20221023,On Time,0,No Risk,184,4629,0,0,0
281,4,7,20231017,Delayed,122,High Risk,124,8765,1,1,122
282,8,10,20230703,On Time,0,No Risk,587,39186,0,0,0
283,4,12,20220528,On Time,0,No Risk,61,41792,0,0,0
284,6,4,20230808,On Time,0,No Risk,740,7110,0,0,0
285,6,2,20230623,On Time,0,No Risk,579,37816,0,0,0
286,1,7,20230427,On Time,0,No Risk,456,25964,0,0,0
287,5,12,20220117,On Time,0,No Risk,129,24096,0,0,0
288,4,12,20231104,Delayed,153,High Risk,812,23291,1,1,153
289,3,1,20221227,On Time,0,No Risk,718,12974,0,0,0
290,8,12,20230506,Delayed,39,Medium Risk,124,31494,1,0,39
291,1,5,20220726,On Time,0,No Risk,264,4246,0,0,0
292,6,5,20230612,On Time,0,No Risk,616,32524,0,0,0
293,5,1,20231025,On Time,0,No Risk,425,4632,0,0,0
294,6,5,20220508,Delayed,116,High Risk,469,30318,1,1,116
295,7,6,20220711,On Time,0,No Risk,569,25574,0,0,0
296,5,2,20230311,On Time,0,No Risk,676,13326,0,0,0
297,5,6,20220416,On Time,0,No Risk,736,20875,0,0,0
298,5,8,20230910,Delayed,47,Medium Risk,766,30591,1,0,47
299,6,8,20220213,Delayed,95,High Risk,689,30004,1,1,95
300,5,11,20220228,On Time,0,No Risk,712,28121,0,0,0
301,6,9,20231127,On Time,0,No Risk,91,10857,0,0,0
302,8,1,20220510,On Time,0,No Risk,720,25507,0,0,0
303,6,7,20230804,On Time,0,No Risk,217,30986,0,0,0
304,6,6,20230331,Delayed,151,High Risk,200,36198,1,1,151
305,6,7,20221118,Delayed,68,Medium Risk,176,3198,1,0,68
306,3,8,20230615,On Time,0,No Risk,635,9217,0,0,0
307,5,5,20231222,On Time,0,No Risk,686,20215,0,0,0
308,8,4,20220506,On Time,0,No Risk,135,31125,0,0,0
309,3,12,20230401,Cancelled,0,No Risk,758,22444,0,0,0
310,6,12,20220308,On Time,0,No Risk,357,21157,0,0,0
311,3,12,20231228,Cancelled,0,No Risk,713,12909,0,0,0
312,6,9,20220818,On Time,0,No Risk,265,10601,0,0,0
313,4,8,20220127,On Time,0,No Risk,646,25676,0,0,0
314,8,9,20220513,Delayed,27,Low Risk,127,21769,1,0,27
315,7,12,20230506,On Time,0,No Risk,479,39176,0,0,0
316,2,3,20221121,Delayed,120,High Risk,537,35405,1,1,120
317,6,3,20230719,Delayed,51,Medium Risk,192,29852,1,0,51
318,1,2,20230615,On Time,0,No Risk,228,12114,0,0,0
319,6,12,20220819,On Time,0,No Risk,591,20115,0,0,0
320,2,5,20220721,Delayed,146,High Risk,341,9703,1,1,146
321,5,10,20230701,On Time,0,No Risk,716,12551,0,0,0
322,3,3,20231106,Delayed,159,High Risk,405,38437,1,1,159
323,1,1,20220325,On Time,0,No Risk,716,39299,0,0,0
324,5,11,20220804,Delayed,111,High Risk,692,43376,1,1,111
325,1,8,20231005,On Time,0,No Risk,717,21298,0,0,0
326,8,4,20231203,On Time,0,No Risk,524,6282,0,0,0
327,1,3,20230327,On Time,0,No Risk,535,14870,0,0,0
328,6,10,20220528,On Time,0,No Risk,795,22426,0,0,0
329,6,7,20220514,Delayed,136,High Risk,635,8458,1,1,136
330,6,4,20230423,On Time,0,No Risk,520,17747,0,0,0
331,3,2,20220221,On Time,0,No Risk,453,41829,0,0,0
332,7,4,20220613,Delayed,152,High Risk,798,21994,1,1,152
333,4,3,20230526,Cancelled,0,No Risk,538,34186,0,0,0
334,5,8,20220124,On Time,0,No Risk,462,34624,0,0,0
335,8,4,20220809,Delayed,17,Low Risk,111,19938,1,0,17
336,8,10,20231101,Delayed,78,Medium Risk,609,2035,1,0,78
337,2,7,20220518,Delayed,98,High Risk,472,25482,1,1,98
338,1,7,20220222,Delayed,54,Medium Risk,431,37756,1,0,54
339,5,2,20230131,On Time,0,No Risk,623,19831,0,0,0
340,2,3,20220410,On Time,0,No Risk,407,38058,0,0,0
341,6,3,20220723,Delayed,107,High Risk,572,4138,1,1,107
342,1,1,20220521,Delayed,126,High Risk,591,31449,1,1,126
343,3,10,20230612,On Time,0,No Risk,687,22375,0,0,0
344,3,7,20230924,Delayed,81,Medium Risk,667,23544,1,0,81
345,8,12,20230731,On Time,0,No Risk,77,25640,0,0,0
346,6,11,20220423,Cancelled,0,No Risk,657,21663,0,0,0
347,1,10,20230501,On Time,0,No Risk,731,39410,0,0,0
348,4,12,20220222,Delayed,48,Medium Risk,596,42723,1,0,48
349,7,3,20231129,On Time,0,No Risk,646,8702,0,0,0
350,4,1,20230328,On Time,0,No Risk,215,28563,0,0,0
351,4,7,20230529,Delayed,125,High Risk,813,5581,1,1,125
352,3,9,20220801,Delayed,174,High Risk,549,35937,1,1,174
353,7,6,20220627,On Time,0,No Risk,605,23934,0,0,0
354,6,11,20231129,Delayed,72,Medium Risk,684,33231,1,0,72
355,4,4,20221013,Delayed,62,Medium Risk,364,20440,1,0,62
356,4,12,20231223,On Time,0,No Risk,551,24359,0,0,0
357,5,5,20220505,Delayed,144,High Risk,448,27356,1,1,144
358,6,3,20221025,On Time,0,No Risk,791,6679,0,0,0
359,6,8,20231103,On Time,0,No Risk,550,15523,0,0,0
360,4,9,20221005,Cancelled,0,No Risk,772,19300,0,0,0
361,3,2,20230923,Delayed,66,Medium Risk,308,4826,1,0,66
362,4,11,20220827,On Time,0,No Risk,483,23146,0,0,0
363,8,2,20231129,Delayed,6,Low Risk,623,11850,1,0,6
364,7,11,20230503,On Time,0,No Risk,264,20324,0,0,0
365,6,5,20231024,On Time,0,No Risk,151,44249,0,0,0
366,4,9,20220208,Cancelled,0,No Risk,239,28886,0,0,0
367,3,1,20230211,Delayed,52,Medium Risk,826,20470,1,0,52
368,1,1,20221102,Delayed,32,Medium Risk,403,20149,1,0,32
369,8,11,20230711,On Time,0,No Risk,197,34544,0,0,0
370,8,5,20220717,Delayed,89,Medium Risk,226,31575,1,0,89
371,5,12,20220710,On Time,0,No Risk,405,20834,0,0,0
372,4,3,20230918,Delayed,108,High Risk,497,35269,1,1,108
373,6,2,20230215,Delayed,52,Medium Risk,203,32790,1,0,52
374,6,4,20220107,On Time,0,No Risk,301,30777,0,0,0
375,5,6,20221106,Delayed,151,High Risk,71,18641,1,1,151
376,6,12,20220830,On Time,0,No Risk,181,32000,0,0,0
377,5,3,20230220,Delayed,84,Medium Risk,766,9194,1,0,84
378,5,6,20230922,On Time,0,No Risk,196,32838,0,0,0
379,3,8,20230913,On Time,0,No Risk,778,37494,0,0,0
380,8,9,20231112,Delayed,68,Medium Risk,756,40547,1,0,68
381,2,9,20230403,On Time,0,No Risk,430,6618,0,0,0
382,2,1,20230715,Cancelled,0,No Risk,267,39032,0,0,0
383,3,3,20221202,Delayed,118,High Risk,179,14961,1,1,118
384,8,2,20230607,On Time,0,No Risk,116,31216,0,0,0
385,3,9,20230302,On Time,0,No Risk,119,38121,0,0,0
386,8,11,20221112,Delayed,106,High Risk,320,1697,1,1,106
387,4,10,20220316,On Time,0,No Risk,412,5678,0,0,0
388,1,2,20230429,On Time,0,No Risk,478,13295,0,0,0
389,3,11,20231024,Cancelled,0,No Risk,443,26566,0,0,0
390,8,7,20230120,On Time,0,No Risk,737,36843,0,0,0
391,3,11,20221223,On Time,0,No Risk,610,27259,0,0,0
392,3,12,20220817,Delayed,10,Low Risk,365,31843,1,0,10
393,7,9,20230124,Delayed,68,Medium Risk,531,24185,1,0,68
394,3,5,20220713,Cancelled,0,No Risk,802,8895,0,0,0
395,1,11,20230306,Delayed,9,Low Risk,306,15005,1,0,9
396,2,2,20230901,On Time,0,No Risk,672,4690,0,0,0
397,4,12,20220215,On Time,0,No Risk,299,36873,0,0,0
398,4,1,20220524,On Time,0,No Risk,356,16846,0,0,0
399,6,10,20230905,Delayed,87,Medium Risk,302,21276,1,0,87
400,3,11,20230618,On Time,0,No Risk,367,19532,0,0,0
401,1,9,20230829,Delayed,49,Medium Risk,701,29497,1,0,49
402,8,1,20221219,Cancelled,0,No Risk,747,26479,0,0,0
403,6,12,20230303,On Time,0,No Risk,367,26171,0,0,0
404,3,9,20230430,On Time,0,No Risk,290,21209,0,0,0
405,3,8,20220301,Delayed,111,High Risk,630,36233,1,1,111
406,3,7,20220906,On Time,0,No Risk,398,43882,0,0,0
407,2,8,20230115,On Time,0,No Risk,801,13983,0,0,0
408,1,5,20230122,Delayed,159,High Risk,100,6269,1,1,159
409,4,10,20231119,Delayed,127,High Risk,273,23321,1,1,127
410,5,1,20220805,Cancelled,0,No Risk,819,9188,0,0,0
411,8,4,20231214,Delayed,57,Medium Risk,466,17184,1,0,57
412,6,5,20230125,On Time,0,No Risk,724,25044,0,0,0
413,5,5,20230104,On Time,0,No Risk,569,32040,0,0,0
414,2,12,20230426,Delayed,86,Medium Risk,268,25794,1,0,86
415,6,7,20220216,Delayed,61,Medium Risk,819,11063,1,0,61
416,1,5,20230721,Cancelled,0,No Risk,653,28866,0,0,0
417,5,3,20220720,On Time,0,No Risk,448,38841,0,0,0
418,4,8,20230718,Delayed,180,High Risk,405,18364,1,1,180
419,8,12,20231020,Delayed,122,High Risk,232,24580,1,1,122
420,3,3,20230714,On Time,0,No Risk,615,43561,0,0,0
421,1,9,20220204,Delayed,24,Low Risk,744,4679,1,0,24
422,1,7,20220521,Delayed,64,Medium Risk,129,11397,1,0,64
423,1,4,20230602,On Time,0,No Risk,121,41990,0,0,0
424,8,11,20230515,On Time,0,No Risk,604,37652,0,0,0
425,7,1,20220118,On Time,0,No Risk,341,36610,0,0,0
426,5,1,20230530,Delayed,177,High Risk,500,13248,1,1,177
427,2,2,20230621,On Time,0,No Risk,256,42117,0,0,0
428,5,6,20221001,Delayed,25,Low Risk,442,28109,1,0,25
429,8,10,20220907,Cancelled,0,No Risk,291,21159,0,0,0
430,2,11,20231028,Delayed,28,Low Risk,475,26355,1,0,28
431,7,9,20230503,On Time,0,No Risk,69,12731,0,0,0
432,2,8,20230321,Delayed,89,Medium Risk,639,7749,1,0,89
433,1,4,20220805,Cancelled,0,No Risk,768,38644,0,0,0
434,8,5,20220217,Cancelled,0,No Risk,760,19874,0,0,0
435,1,3,20221119,On Time,0,No Risk,272,39971,0,0,0
436,3,12,20230212,Cancelled,0,No Risk,366,12146,0,0,0
437,4,10,20230203,Delayed,143,High Risk,399,26655,1,1,143
438,3,12,20220322,On Time,0,No Risk,414,5019,0,0,0
439,2,7,20220826,Delayed,92,High Risk,679,41730,1,1,92
440,7,6,20220131,Delayed,120,High Risk,562,16451,1,1,120
441,6,9,20230120,On Time,0,No Risk,756,39895,0,0,0
442,7,2,20230926,On Time,0,No Risk,312,6317,0,0,0
443,2,5,20220607,On Time,0,No Risk,709,11610,0,0,0
444,7,6,20230105,On Time,0,No Risk,65,21702,0,0,0
445,8,6,20221004,On Time,0,No Risk,149,13780,0,0,0
446,7,8,20230725,Delayed,109,High Risk,165,3221,1,1,109
447,2,6,20230722,On Time,0,No Risk,672,22761,0,0,0
448,7,1,20221026,On Time,0,No Risk,146,38169,0,0,0
449,4,10,20230618,On Time,0,No Risk,449,12608,0,0,0
450,3,5,20221105,On Time,0,No Risk,209,5646,0,0,0
451,3,7,20221010,On Time,0,No Risk,555,6541,0,0,0
452,6,5,20220910,Delayed,131,High Risk,668,41914,1,1,131
453,4,8,20220420,On Time,0,No Risk,66,27432,0,0,0
454,6,10,20230125,Delayed,89,Medium Risk,510,23437,1,0,89
455,7,11,20230901,On Time,0,No Risk,388,41032,0,0,0
456,4,8,20221118,On Time,0,No Risk,467,22415,0,0,0
457,5,12,20231213,Delayed,152,High Risk,308,22857,1,1,152
458,7,5,20230207,On Time,0,No Risk,637,14594,0,0,0
459,3,11,20230718,On Time,0,No Risk,804,31752,0,0,0
460,4,8,20221026,Delayed,22,Low Risk,478,34222,1,0,22
461,3,11,20221107,On Time,0,No Risk,734,11601,0,0,0
462,7,7,20220317,On Time,0,No Risk,672,32907,0,0,0
463,7,9,20230603,Cancelled,0,No Risk,768,28913,0,0,0
464,1,6,20231220,Delayed,142,High Risk,668,43323,1,1,142
465,2,2,20220912,Delayed,95,High Risk,230,43901,1,1,95
466,1,10,20231023,Delayed,107,High Risk,830,23231,1,1,107
467,7,2,20220111,On Time,0,No Risk,287,34967,0,0,0
468,4,8,20230119,On Time,0,No Risk,755,40073,0,0,0
469,3,6,20220126,On Time,0,No Risk,362,28761,0,0,0
470,2,2,20220526,On Time,0,No Risk,411,31340,0,0,0
471,4,9,20230510,On Time,0,No Risk,159,30215,0,0,0
472,8,6,20220310,On Time,0,No Risk,787,9042,0,0,0
473,1,6,20231026,On Time,0,No Risk,228,17485,0,0,0
474,3,9,20220613,On Time,0,No Risk,496,31781,0,0,0
475,4,7,20231007,On Time,0,No Risk,715,44577,0,0,0
476,7,7,20220130,Delayed,55,Medium Risk,520,40310,1,0,55
477,7,7,20220105,Delayed,57,Medium Risk,345,5600,1,0,57
478,2,9,20220711,On Time,0,No Risk,261,31486,0,0,0
479,2,5,20231118,Delayed,140,High Risk,714,22039,1,1,140
480,7,10,20230206,Delayed,94,High Risk,420,31506,1,1,94
481,3,11,20231224,Delayed,162,High Risk,664,7054,1,1,162
482,3,6,20220501,On Time,0,No Risk,179,13496,0,0,0
483,6,12,20220525,On Time,0,No Risk,488,40587,0,0,0
484,3,10,20230128,On Time,0,No Risk,558,43148,0,0,0
485,3,9,20220620,On Time,0,No Risk,203,13761,0,0,0
486,6,8,20230927,On Time,0,No Risk,427,2128,0,0,0
487,8,3,20220719,Delayed,148,High Risk,577,44299,1,1,148
488,8,7,20231203,On Time,0,No Risk,787,30588,0,0,0
489,8,3,20220326,Delayed,61,Medium Risk,359,3642,1,0,61
490,5,4,20230705,On Time,0,No Risk,528,38570,0,0,0
491,8,9,20230608,On Time,0,No Risk,176,19056,0,0,0
492,6,9,20220212,Delayed,117,High Risk,619,15822,1,1,117
493,7,2,20231101,Delayed,81,Medium Risk,93,30973,1,0,81
494,5,6,20220331,On Time,0,No Risk,180,17028,0,0,0
495,4,12,20230826,Delayed,161,High Risk,707,29560,1,1,161
496,3,10,20220523,Delayed,57,Medium Risk,120,38860,1,0,57
497,6,9,20221015,Delayed,48,Medium Risk,391,20678,1,0,48
498,5,10,20221001,Cancelled,0,No Risk,586,7740,0,0,0
499,3,7,20220302,Cancelled,0,No Risk,731,9815,0,0,0
500,3,4,20220530,Delayed,68,Medium Risk,839,27236,1,0,68
501,8,3,20230815,Delayed,165,High Risk,484,26087,1,1,165
502,8,2,20231011,Delayed,28,Low Risk,472,35291,1,0,28
503,5,12,20230113,On Time,0,No Risk,559,22949,0,0,0
504,1,12,20220406,Delayed,122,High Risk,710,24976,1,1,122
505,2,9,20230212,On Time,0,No Risk,499,15383,0,0,0
506,8,5,20221127,Delayed,91,High Risk,620,39375,1,1,91
507,3,10,20230512,Delayed,179,High Risk,840,4672,1,1,179
508,1,2,20231004,Delayed,122,High Risk,76,9642,1,1,122
509,3,8,20230413,On Time,0,No Risk,498,14759,0,0,0
510,3,11,20221106,On Time,0,No Risk,340,7617,0,0,0
511,6,5,20220326,On Time,0,No Risk,724,12347,0,0,0
512,1,7,20231003,On Time,0,No Risk,776,16844,0,0,0
513,7,11,20220404,Delayed,5,Low Risk,278,32748,1,0,5
514,2,3,20230831,On Time,0,No Risk,756,30667,0,0,0
515,1,1,20231214,On Time,0,No Risk,183,29176,0,0,0
516,3,8,20220314,On Time,0,No Risk,151,8212,0,0,0
517,2,6,20230112,Delayed,40,Medium Risk,451,10225,1,0,40
518,3,2,20230628,Delayed,161,High Risk,725,12255,1,1,161
519,8,6,20220807,Delayed,43,Medium Risk,481,41875,1,0,43
520,8,4,20220330,Delayed,40,Medium Risk,830,9571,1,0,40
521,7,6,20230316,On Time,0,No Risk,203,17738,0,0,0
522,5,11,20220328,On Time,0,No Risk,675,40822,0,0,0
523,5,12,20220128,Delayed,173,High Risk,368,14964,1,1,173
524,4,12,20230206,On Time,0,No Risk,115,17185,0,0,0
525,8,7,20220426,On Time,0,No Risk,713,40423,0,0,0
526,2,9,20220113,Cancelled,0,No Risk,384,10149,0,0,0
527,7,10,20230307,On Time,0,No Risk,759,12822,0,0,0
528,8,2,20220118,Delayed,8,Low Risk,328,15638,1,0,8
529,1,1,20230212,On Time,0,No Risk,703,34336,0,0,0
530,7,7,20231220,On Time,0,No Risk,715,36664,0,0,0
531,3,5,20220327,On Time,0,No Risk,583,14816,0,0,0
532,3,9,20221201,On Time,0,No Risk,709,44087,0,0,0
533,2,5,20231217,On Time,0,No Risk,304,5294,0,0,0
534,4,2,20230321,On Time,0,No Risk,686,41400,0,0,0
535,1,5,20231114,Delayed,49,Medium Risk,182,2330,1,0,49
536,3,12,20220112,On Time,0,No Risk,415,35775,0,0,0
537,5,3,20230116,On Time,0,No Risk,335,9236,0,0,0
538,1,6,20230316,On Time,0,No Risk,125,18732,0,0,0
539,2,8,20230412,On Time,0,No Risk,116,34242,0,0,0
540,3,6,20220611,On Time,0,No Risk,165,39111,0,0,0
541,2,4,20230606,On Time,0,No Risk,72,17526,0,0,0
542,1,8,20230108,On Time,0,No Risk,213,13228,0,0,0
543,1,9,20231103,On Time,0,No Risk,389,17770,0,0,0
544,7,12,20221124,On Time,0,No Risk,139,38956,0,0,0
545,6,2,20230530,Delayed,18,Low Risk,243,16126,1,0,18
546,1,7,20220312,Delayed,77,Medium Risk,378,22949,1,0,77
547,2,9,20230413,On Time,0,No Risk,265,20609,0,0,0
548,5,12,20230930,On Time,0,No Risk,437,40277,0,0,0
549,8,4,20230714,Delayed,67,Medium Risk,214,1917,1,0,67
550,7,1,20220827,On Time,0,No Risk,711,2128,0,0,0
551,6,1,20231105,On Time,0,No Risk,815,21653,0,0,0
552,2,4,20230627,Cancelled,0,No Risk,489,33745,0,0,0
553,1,3,20231230,On Time,0,No Risk,104,16669,0,0,0
554,7,12,20230117,On Time,0,No Risk,825,7064,0,0,0
555,2,9,20220517,Delayed,105,High Risk,136,40290,1,1,105
556,1,7,20231110,Cancelled,0,No Risk,302,20615,0,0,0
557,5,6,20230207,Delayed,88,Medium Risk,385,31171,1,0,88
558,5,4,20220318,Cancelled,0,No Risk,199,39819,0,0,0
559,2,3,20220419,On Time,0,No Risk,537,22080,0,0,0
560,7,2,20230703,On Time,0,No Risk,272,31116,0,0,0
561,5,8,20220929,Delayed,28,Low Risk,221,21437,1,0,28
562,1,4,20221202,On Time,0,No Risk,788,17767,0,0,0
563,6,7,20230610,On Time,0,No Risk,366,18550,0,0,0
564,3,1,20230219,Delayed,147,High Risk,826,37552,1,1,147
565,4,2,20230419,On Time,0,No Risk,203,9459,0,0,0
566,1,1,20220816,On Time,0,No Risk,470,25895,0,0,0
567,2,10,20230824,On Time,0,No Risk,136,2928,0,0,0
568,2,4,20231024,On Time,0,No Risk,191,7527,0,0,0
569,6,2,20220213,Cancelled,0,No Risk,111,12509,0,0,0
570,7,12,20230209,On Time,0,No Risk,451,29461,0,0,0
571,3,6,20220808,Cancelled,0,No Risk,341,19840,0,0,0
572,8,3,20220205,Delayed,162,High Risk,311,43920,1,1,162
573,5,8,20230226,Delayed,127,High Risk,122,7248,1,1,127
574,5,7,20220521,On Time,0,No Risk,718,35959,0,0,0
575,4,11,20230711,Delayed,102,High Risk,790,25034,1,1,102
576,8,9,20230512,On Time,0,No Risk,639,34424,0,0,0
577,6,7,20221004,On Time,0,No Risk,386,40632,0,0,0
578,4,1,20221015,On Time,0,No Risk,543,36196,0,0,0
579,6,10,20220827,Cancelled,0,No Risk,162,17743,0,0,0
580,4,5,20230701,Delayed,19,Low Risk,284,39228,1,0,19
581,7,6,20220627,On Time,0,No Risk,666,22340,0,0,0
582,6,10,20220129,Delayed,95,High Risk,641,38436,1,1,95
583,3,10,20220712,Delayed,131,High Risk,615,21754,1,1,131
584,3,8,20220208,On Time,0,No Risk,298,40930,0,0,0
585,4,1,20230624,On Time,0,No Risk,399,41747,0,0,0
586,4,3,20221215,Delayed,87,Medium Risk,120,2936,1,0,87
587,3,10,20231223,Cancelled,0,No Risk,173,35991,0,0,0
588,6,2,20230118,Delayed,174,High Risk,465,39905,1,1,174
589,2,6,20221106,On Time,0,No Risk,221,30130,0,0,0
590,8,11,20221121,On Time,0,No Risk,635,41720,0,0,0
591,6,4,20231113,Delayed,49,Medium Risk,447,21607,1,0,49
592,5,3,20220701,Delayed,151,High Risk,460,38690,1,1,151
593,1,3,20230909,On Time,0,No Risk,686,15976,0,0,0
594,2,8,20220525,On Time,0,No Risk,139,17097,0,0,0
595,6,6,20220621,Delayed,27,Low Risk,785,43384,1,0,27
596,6,8,20220112,On Time,0,No Risk,315,5942,0,0,0
597,6,5,20220421,Delayed,17,Low Risk,455,30219,1,0,17
598,7,3,20230228,On Time,0,No Risk,447,24518,0,0,0
599,7,2,20230506,Delayed,152,High Risk,726,16283,1,1,152
600,3,8,20220317,Delayed,13,Low Risk,361,2815,1,0,13
601,6,5,20220418,On Time,0,No Risk,234,26106,0,0,0
602,3,12,20220318,On Time,0,No Risk,155,23647,0,0,0
603,8,12,20220201,On Time,0,No Risk,729,12313,0,0,0
604,7,3,20220224,On Time,0,No Risk,270,13950,0,0,0
605,7,12,20230722,Delayed,143,High Risk,331,44792,1,1,143
606,5,5,20220901,On Time,0,No Risk,462,38971,0,0,0
607,8,3,20220225,On Time,0,No Risk,497,7242,0,0,0
608,5,11,20231003,Delayed,56,Medium Risk,159,3186,1,0,56
609,4,3,20231016,On Time,0,No Risk,143,32535,0,0,0
610,2,5,20230212,On Time,0,No Risk,736,18867,0,0,0
611,2,11,20230712,On Time,0,No Risk,439,26498,0,0,0
612,6,3,20230402,On Time,0,No Risk,510,31978,0,0,0
613,5,4,20221003,Delayed,43,Medium Risk,830,7837,1,0,43
614,2,11,20221219,Delayed,110,High Risk,834,40148,1,1,110
615,4,9,20220304,Delayed,138,High Risk,488,36595,1,1,138
616,8,10,20220830,On Time,0,No Risk,140,27373,0,0,0
617,1,9,20230808,Cancelled,0,No Risk,645,42150,0,0,0
618,3,2,20230405,On Time,0,No Risk,231,15386,0,0,0
619,4,3,20220213,On Time,0,No Risk,759,30033,0,0,0
620,4,11,20220601,Delayed,71,Medium Risk,387,5891,1,0,71
621,2,7,20230724,On Time,0,No Risk,393,19601,0,0,0
622,8,1,20231219,Delayed,138,High Risk,489,8874,1,1,138
623,7,3,20220601,Delayed,154,High Risk,836,8066,1,1,154
624,2,10,20220414,Delayed,142,High Risk,412,28428,1,1,142
625,5,7,20231102,On Time,0,No Risk,683,32501,0,0,0
626,1,3,20221010,On Time,0,No Risk,693,41388,0,0,0
627,7,1,20230210,Delayed,89,Medium Risk,767,17069,1,0,89
628,1,12,20230502,Cancelled,0,No Risk,441,2825,0,0,0
629,6,5,20221115,On Time,0,No Risk,563,7936,0,0,0
630,4,3,20221104,Cancelled,0,No Risk,513,22528,0,0,0
631,5,12,20230303,Delayed,27,Low Risk,252,30448,1,0,27
632,4,7,20230512,Delayed,100,High Risk,117,35268,1,1,100
633,3,2,20221115,Delayed,108,High Risk,198,35859,1,1,108
634,1,3,20220717,Delayed,56,Medium Risk,119,17850,1,0,56
635,1,8,20220221,Cancelled,0,No Risk,781,14548,0,0,0
636,5,6,20230421,On Time,0,No Risk,710,9618,0,0,0
637,1,4,20230117,On Time,0,No Risk,516,13138,0,0,0
638,8,10,20230719,On Time,0,No Risk,227,18451,0,0,0
639,2,5,20220129,On Time,0,No Risk,226,39003,0,0,0
640,4,4,20231025,On Time,0,No Risk,271,19134,0,0,0
641,7,9,20220121,Delayed,179,High Risk,69,32570,1,1,179
642,3,11,20220627,Delayed,7,Low Risk,289,18040,1,0,7
643,5,12,20231228,Delayed,113,High Risk,445,24353,1,1,113
644,8,5,20220812,On Time,0,No Risk,753,35620,0,0,0
645,7,10,20220415,On Time,0,No Risk,738,26025,0,0,0
646,5,5,20231202,On Time,0,No Risk,125,23538,0,0,0
647,5,11,20221129,Delayed,71,Medium Risk,731,44194,1,0,71
648,5,4,20220603,On Time,0,No Risk,306,5220,0,0,0
649,7,11,20221124,Delayed,11,Low Risk,731,34095,1,0,11
650,5,5,20230305,On Time,0,No Risk,814,3814,0,0,0
651,4,6,20220816,Delayed,168,High Risk,547,24994,1,1,168
652,5,3,20231105,Delayed,51,Medium Risk,360,7896,1,0,51
653,8,3,20220922,Delayed,148,High Risk,247,23496,1,1,148
654,2,4,20221230,On Time,0,No Risk,374,29056,0,0,0
655,6,6,20220924,Delayed,123,High Risk,180,32337,1,1,123
656,1,11,20230821,Delayed,163,High Risk,132,32447,1,1,163
657,4,9,20220503,Delayed,102,High Risk,602,21053,1,1,102
658,7,1,20220604,On Time,0,No Risk,265,23957,0,0,0
659,7,10,20230414,On Time,0,No Risk,792,13319,0,0,0
660,2,8,20221207,Delayed,50,Medium Risk,380,43082,1,0,50
661,1,1,20230408,On Time,0,No Risk,839,12549,0,0,0
662,3,8,20220401,On Time,0,No Risk,504,43016,0,0,0
663,7,7,20230316,Cancelled,0,No Risk,452,1805,0,0,0
664,1,9,20220724,Delayed,8,Low Risk,389,36301,1,0,8
665,4,1,20231124,On Time,0,No Risk,811,17806,0,0,0
666,4,12,20221219,On Time,0,No Risk,165,26636,0,0,0
667,5,3,20220308,Delayed,81,Medium Risk,357,31379,1,0,81
668,6,7,20231205,Cancelled,0,No Risk,410,33624,0,0,0
669,6,4,20220618,Cancelled,0,No Risk,473,2753,0,0,0
670,4,4,20220515,On Time,0,No Risk,82,40146,0,0,0
671,3,2,20230111,Delayed,14,Low Risk,444,43464,1,0,14
672,5,9,20231001,On Time,0,No Risk,109,44882,0,0,0
673,2,11,20220121,On Time,0,No Risk,178,28813,0,0,0
674,8,7,20220507,On Time,0,No Risk,545,11535,0,0,0
675,4,12,20231204,Delayed,82,Medium Risk,490,44862,1,0,82
676,2,11,20230617,On Time,0,No Risk,680,10489,0,0,0
677,7,2,20230608,Delayed,35,Medium Risk,349,8971,1,0,35
678,2,8,20220723,Delayed,72,Medium Risk,595,14716,1,0,72
679,6,12,20230224,On Time,0,No Risk,100,37422,0,0,0
680,8,4,20231206,Cancelled,0,No Risk,398,16868,0,0,0
681,1,1,20231119,On Time,0,No Risk,173,39127,0,0,0
682,8,3,20220403,Delayed,24,Low Risk,800,8138,1,0,24
683,5,11,20220825,On Time,0,No Risk,363,18809,0,0,0
684,8,1,20220413,Delayed,15,Low Risk,357,25107,1,0,15
685,6,7,20220429,On Time,0,No Risk,836,4507,0,0,0
686,1,3,20231111,Delayed,89,Medium Risk,426,30186,1,0,89
687,5,12,20220406,On Time,0,No Risk,410,13484,0,0,0
688,2,7,20230214,Cancelled,0,No Risk,338,26778,0,0,0
689,8,7,20231027,Delayed,47,Medium Risk,175,10184,1,0,47
690,1,3,20220417,On Time,0,No Risk,664,33132,0,0,0
691,8,3,20230918,On Time,0,No Risk,427,41565,0,0,0
692,1,11,20220514,On Time,0,No Risk,559,8901,0,0,0
693,7,8,20220217,On Time,0,No Risk,730,22093,0,0,0
694,1,12,20231126,On Time,0,No Risk,821,39291,0,0,0
695,4,11,20221213,On Time,0,No Risk,764,42016,0,0,0
696,2,7,20231109,Delayed,128,High Risk,414,44996,1,1,128
697,7,3,20230726,Delayed,161,High Risk,115,2263,1,1,161
698,3,9,20230426,Delayed,47,Medium Risk,136,33720,1,0,47
699,6,4,20221205,Cancelled,0,No Risk,111,34722,0,0,0
700,4,9,20231021,On Time,0,No Risk,300,6666,0,0,0
701,8,8,20230810,On Time,0,No Risk,570,30799,0,0,0
702,6,2,20230525,Delayed,9,Low Risk,165,27939,1,0,9
703,7,1,20230725,On Time,0,No Risk,153,41097,0,0,0
704,5,9,20230730,On Time,0,No Risk,747,31398,0,0,0
705,6,6,20220225,Delayed,121,High Risk,399,38210,1,1,121
706,8,12,20231104,On Time,0,No Risk,523,8972,0,0,0
707,2,11,20220816,On Time,0,No Risk,423,43027,0,0,0
708,5,9,20230619,On Time,0,No Risk,168,4500,0,0,0
709,3,8,20220524,Delayed,109,High Risk,169,18165,1,1,109
710,4,4,20220504,Cancelled,0,No Risk,462,15628,0,0,0
711,8,4,20221213,On Time,0,No Risk,484,4547,0,0,0
712,2,8,20230414,Delayed,134,High Risk,197,34191,1,1,134
713,1,9,20220219,Delayed,115,High Risk,659,33149,1,1,115
714,3,12,20230816,On Time,0,No Risk,191,8286,0,0,0
715,7,11,20230907,Delayed,87,Medium Risk,576,26709,1,0,87
716,7,10,20231211,Delayed,75,Medium Risk,467,23969,1,0,75
717,5,8,20220517,On Time,0,No Risk,676,35073,0,0,0
718,5,12,20230715,Delayed,146,High Risk,707,15743,1,1,146
719,4,4,20231002,Delayed,180,High Risk,413,10194,1,1,180
720,3,9,20230710,Delayed,87,Medium Risk,787,9063,1,0,87
721,6,9,20230507,Delayed,175,High Risk,787,28859,1,1,175
722,5,7,20220114,On Time,0,No Risk,85,26460,0,0,0
723,3,1,20231118,On Time,0,No Risk,333,12047,0,0,0
724,5,11,20220914,On Time,0,No Risk,123,20842,0,0,0
725,4,9,20220203,On Time,0,No Risk,523,8216,0,0,0
726,4,12,20231025,Delayed,65,Medium Risk,583,20350,1,0,65
727,1,7,20230201,On Time,0,No Risk,761,21990,0,0,0
728,1,1,20220915,On Time,0,No Risk,513,16281,0,0,0
729,6,10,20230714,Delayed,55,Medium Risk,802,14181,1,0,55
730,5,8,20220701,Cancelled,0,No Risk,136,13753,0,0,0
731,3,12,20230611,On Time,0,No Risk,101,29582,0,0,0
732,5,9,20220928,On Time,0,No Risk,658,18212,0,0,0
733,1,6,20230423,Delayed,44,Medium Risk,100,11573,1,0,44
734,6,10,20220222,Delayed,165,High Risk,690,44877,1,1,165
735,5,8,20230810,Delayed,23,Low Risk,784,22331,1,0,23
736,4,3,20230618,On Time,0,No Risk,577,11944,0,0,0
737,7,9,20230704,On Time,0,No Risk,417,15996,0,0,0
738,4,11,20221206,On Time,0,No Risk,360,15816,0,0,0
739,8,9,20231027,On Time,0,No Risk,744,24175,0,0,0
740,8,4,20231020,Delayed,164,High Risk,309,4113,1,1,164
741,6,7,20220427,On Time,0,No Risk,613,20035,0,0,0
742,1,9,20230119,On Time,0,No Risk,580,30700,0,0,0
743,8,1,20221031,Delayed,54,Medium Risk,388,35178,1,0,54
744,2,2,20220621,Cancelled,0,No Risk,610,36444,0,0,0
745,1,11,20220309,On Time,0,No Risk,704,15470,0,0,0
746,7,2,20220730,On Time,0,No Risk,779,30023,0,0,0
747,2,12,20231204,On Time,0,No Risk,530,23239,0,0,0
748,1,2,20220317,On Time,0,No Risk,317,38074,0,0,0
749,2,10,20220822,Cancelled,0,No Risk,477,26930,0,0,0
750,8,11,20230219,On Time,0,No Risk,77,27026,0,0,0
751,2,9,20220107,Delayed,163,High Risk,124,39878,1,1,163
752,1,12,20220316,On Time,0,No Risk,574,8455,0,0,0
753,5,11,20221105,Delayed,77,Medium Risk,508,26496,1,0,77
754,7,11,20220201,On Time,0,No Risk,606,15909,0,0,0
755,3,12,20230205,Delayed,144,High Risk,362,43052,1,1,144
756,3,5,20231125,Delayed,170,High Risk,442,2230,1,1,170
757,3,2,20220212,On Time,0,No Risk,670,27326,0,0,0
758,2,5,20220804,Delayed,93,High Risk,276,28543,1,1,93
759,3,3,20220708,On Time,0,No Risk,318,14235,0,0,0
760,2,3,20231119,Delayed,18,Low Risk,829,37469,1,0,18
761,8,11,20230717,On Time,0,No Risk,747,5914,0,0,0
762,5,2,20220722,Delayed,129,High Risk,398,24905,1,1,129
763,3,11,20231103,On Time,0,No Risk,351,42100,0,0,0
764,2,4,20221122,On Time,0,No Risk,396,41892,0,0,0
765,5,12,20230822,On Time,0,No Risk,640,25387,0,0,0
766,6,7,20220622,On Time,0,No Risk,312,16017,0,0,0
767,7,5,20230104,On Time,0,No Risk,810,23229,0,0,0
768,8,8,20230402,On Time,0,No Risk,372,33414,0,0,0
769,2,3,20231024,Delayed,76,Medium Risk,203,36798,1,0,76
770,4,5,20231004,On Time,0,No Risk,137,2720,0,0,0
771,1,10,20230816,On Time,0,No Risk,664,15443,0,0,0
772,1,9,20220924,On Time,0,No Risk,612,32439,0,0,0
773,3,6,20230206,On Time,0,No Risk,663,20570,0,0,0
774,3,8,20230529,On Time,0,No Risk,466,25346,0,0,0
775,1,11,20220902,Delayed,162,High Risk,760,12368,1,1,162
776,3,8,20220613,On Time,0,No Risk,639,44715,0,0,0
777,3,12,20230511,Cancelled,0,No Risk,101,15840,0,0,0
778,8,4,20220306,On Time,0,No Risk,299,4305,0,0,0
779,4,9,20230105,On Time,0,No Risk,525,4543,0,0,0
780,1,11,20221128,On Time,0,No Risk,593,43021,0,0,0
781,5,12,20220927,Delayed,150,High Risk,238,26184,1,1,150
782,7,6,20230825,Delayed,24,Low Risk,589,17987,1,0,24
783,7,4,20230613,On Time,0,No Risk,413,33406,0,0,0
784,8,10,20220107,On Time,0,No Risk,202,30329,0,0,0
785,3,4,20220320,On Time,0,No Risk,347,15361,0,0,0
786,3,3,20220611,On Time,0,No Risk,794,9254,0,0,0
787,4,7,20221205,Delayed,128,High Risk,751,32879,1,1,128
788,8,4,20230828,On Time,0,No Risk,480,2971,0,0,0
789,4,1,20220511,Delayed,46,Medium Risk,197,42757,1,0,46
790,1,10,20220531,On Time,0,No Risk,324,13298,0,0,0
791,7,10,20230801,Delayed,174,High Risk,350,7119,1,1,174
792,4,8,20230914,Cancelled,0,No Risk,553,12678,0,0,0
793,4,7,20230908,On Time,0,No Risk,656,13419,0,0,0
794,5,3,20231204,On Time,0,No Risk,524,40594,0,0,0
795,2,4,20230123,On Time,0,No Risk,171,2585,0,0,0
796,4,9,20230601,Delayed,43,Medium Risk,680,7811,1,0,43
797,3,8,20230922,Delayed,141,High Risk,575,9201,1,1,141
798,2,8,20231107,On Time,0,No Risk,677,36842,0,0,0
799,1,11,20231027,On Time,0,No Risk,490,25773,0,0,0
800,1,12,20230627,On Time,0,No Risk,553,26484,0,0,0
801,6,10,20231215,Delayed,113,High Risk,197,18180,1,1,113
802,8,4,20220327,On Time,0,No Risk,616,28281,0,0,0
803,5,4,20220106,Delayed,6,Low Risk,651,35745,1,0,6
804,2,9,20220108,On Time,0,No Risk,270,22202,0,0,0
805,7,6,20220420,On Time,0,No Risk,727,39862,0,0,0
806,5,5,20230703,On Time,0,No Risk,434,41600,0,0,0
807,5,11,20230211,Delayed,110,High Risk,625,38040,1,1,110
808,8,3,20230115,Delayed,128,High Risk,319,21596,1,1,128
809,6,12,20230212,Delayed,173,High Risk,181,16558,1,1,173
810,8,12,20220615,On Time,0,No Risk,580,27751,0,0,0
811,6,9,20230921,Delayed,18,Low Risk,224,27000,1,0,18
812,1,2,20220529,On Time,0,No Risk,674,30032,0,0,0
813,2,2,20220927,On Time,0,No Risk,141,41413,0,0,0
814,1,12,20230129,Cancelled,0,No Risk,470,41736,0,0,0
815,5,12,20230904,On Time,0,No Risk,239,43462,0,0,0
816,8,8,20220111,On Time,0,No Risk,732,35457,0,0,0
817,5,4,20220204,Delayed,135,High Risk,588,16682,1,1,135
818,3,11,20220206,On Time,0,No Risk,730,1518,0,0,0
819,3,2,20221010,Delayed,95,High Risk,745,27396,1,1,95
820,7,10,20220725,On Time,0,No Risk,814,5996,0,0,0
821,2,9,20221019,Delayed,148,High Risk,656,24312,1,1,148
822,6,5,20220820,Delayed,54,Medium Risk,525,27973,1,0,54
823,1,5,20220629,On Time,0,No Risk,169,38110,0,0,0
824,2,9,20221029,On Time,0,No Risk,179,35138,0,0,0
825,5,9,20230812,On Time,0,No Risk,513,26212,0,0,0
826,8,4,20221214,Cancelled,0,No Risk,529,31693,0,0,0
827,1,8,20220430,On Time,0,No Risk,451,43027,0,0,0
828,4,11,20231220,On Time,0,No Risk,383,28528,0,0,0
829,6,9,20230703,On Time,0,No Risk,329,17769,0,0,0
830,5,2,20230213,Delayed,92,High Risk,137,37843,1,1,92
831,3,8,20221118,On Time,0,No Risk,647,19134,0,0,0
832,3,12,20231201,Cancelled,0,No Risk,254,34202,0,0,0
833,4,4,20220905,Delayed,57,Medium Risk,294,14788,1,0,57
834,4,10,20221231,On Time,0,No Risk,169,9356,0,0,0
835,2,11,20231111,On Time,0,No Risk,66,36986,0,0,0
836,1,8,20230116,Delayed,131,High Risk,648,19504,1,1,131
837,8,3,20230608,On Time,0,No Risk,287,39292,0,0,0
838,3,1,20230623,Delayed,127,High Risk,613,3634,1,1,127
839,6,7,20231204,Delayed,122,High Risk,183,35461,1,1,122
840,8,6,20231207,On Time,0,No Risk,750,15311,0,0,0
841,7,10,20220414,On Time,0,No Risk,687,18519,0,0,0
842,3,9,20220927,On Time,0,No Risk,542,41679,0,0,0
843,6,6,20220708,On Time,0,No Risk,275,28965,0,0,0
844,6,6,20230215,On Time,0,No Risk,244,38947,0,0,0
845,3,10,20231204,On Time,0,No Risk,162,19191,0,0,0
846,4,9,20230319,Delayed,55,Medium Risk,209,11300,1,0,55
847,8,1,20220630,On Time,0,No Risk,197,42830,0,0,0
848,6,8,20221104,On Time,0,No Risk,641,4626,0,0,0
849,7,2,20231209,On Time,0,No Risk,280,18165,0,0,0
850,8,11,20220409,On Time,0,No Risk,402,18524,0,0,0
851,6,6,20230728,Delayed,70,Medium Risk,412,2799,1,0,70
852,7,2,20221226,Delayed,160,High Risk,263,39304,1,1,160
853,3,5,20221230,On Time,0,No Risk,582,33448,0,0,0
854,8,2,20230126,Delayed,123,High Risk,706,10992,1,1,123
855,3,11,20221212,On Time,0,No Risk,687,38962,0,0,0
856,7,2,20220323,On Time,0,No Risk,293,22044,0,0,0
857,6,11,20221026,Delayed,159,High Risk,720,27416,1,1,159
858,5,8,20230107,Delayed,138,High Risk,521,28631,1,1,138
859,3,3,20220124,On Time,0,No Risk,300,44886,0,0,0
860,5,12,20231219,Delayed,58,Medium Risk,230,27520,1,0,58
861,2,2,20220307,Cancelled,0,No Risk,544,37442,0,0,0
862,1,1,20230211,On Time,0,No Risk,145,8311,0,0,0
863,5,10,20220609,On Time,0,No Risk,459,21774,0,0,0
864,4,4,20221018,On Time,0,No Risk,189,10103,0,0,0
865,3,1,20220205,Delayed,88,Medium Risk,547,32117,1,0,88
866,5,9,20230401,On Time,0,No Risk,774,36842,0,0,0
867,3,10,20230904,On Time,0,No Risk,826,43171,0,0,0
868,7,9,20231018,Delayed,84,Medium Risk,415,33065,1,0,84
869,4,2,20230329,On Time,0,No Risk,482,18526,0,0,0
870,3,5,20220111,On Time,0,No Risk,836,10432,0,0,0
871,6,5,20230426,On Time,0,No Risk,764,33739,0,0,0
872,8,5,20220110,Delayed,79,Medium Risk,671,16652,1,0,79
873,1,9,20230118,On Time,0,No Risk,634,30146,0,0,0
874,7,4,20220617,Delayed,170,High Risk,459,26296,1,1,170
875,4,5,20220323,On Time,0,No Risk,305,35356,0,0,0
876,5,5,20231027,Delayed,73,Medium Risk,482,13820,1,0,73
877,2,3,20220520,On Time,0,No Risk,712,31341,0,0,0
878,8,5,20231219,Delayed,53,Medium Risk,388,2771,1,0,53
879,3,1,20230702,On Time,0,No Risk,164,19988,0,0,0
880,5,3,20230325,Delayed,64,Medium Risk,152,11375,1,0,64
881,1,8,20220811,On Time,0,No Risk,379,34162,0,0,0
882,6,8,20231215,Delayed,89,Medium Risk,142,11074,1,0,89
883,1,5,20230206,On Time,0,No Risk,541,13401,0,0,0
884,4,5,20230126,Delayed,36,Medium Risk,791,17815,1,0,36
885,7,8,20220911,Delayed,13,Low Risk,263,31701,1,0,13
886,2,9,20231113,Cancelled,0,No Risk,544,27001,0,0,0
887,5,6,20220612,Delayed,15,Low Risk,822,37517,1,0,15
888,2,5,20230508,Delayed,55,Medium Risk,429,4913,1,0,55
889,4,2,20220830,Delayed,88,Medium Risk,75,12468,1,0,88
890,5,10,20220503,On Time,0,No Risk,308,2085,0,0,0
891,1,10,20231209,On Time,0,No Risk,670,11657,0,0,0
892,6,2,20220912,On Time,0,No Risk,153,42043,0,0,0
893,6,11,20220303,On Time,0,No Risk,720,11587,0,0,0
894,2,3,20230515,On Time,0,No Risk,631,43747,0,0,0
895,6,8,20220717,On Time,0,No Risk,446,24972,0,0,0
896,3,5,20220210,On Time,0,No Risk,508,38136,0,0,0
897,5,9,20231215,On Time,0,No Risk,640,13730,0,0,0
898,6,6,20230425,On Time,0,No Risk,673,37841,0,0,0
899,3,2,20230628,On Time,0,No Risk,362,18758,0,0,0
900,6,8,20220101,Delayed,134,High Risk,448,13659,1,1,134
901,1,10,20230108,Delayed,66,Medium Risk,388,5651,1,0,66
902,7,4,20230621,Delayed,146,High Risk,217,41676,1,1,146
903,5,6,20230224,Delayed,33,Medium Risk,158,35788,1,0,33
904,2,1,20220513,On Time,0,No Risk,92,14743,0,0,0
905,2,8,20220716,On Time,0,No Risk,644,43557,0,0,0
906,7,11,20230517,On Time,0,No Risk,778,40185,0,0,0
907,5,1,20230111,On Time,0,No Risk,795,6144,0,0,0
908,1,4,20231103,On Time,0,No Risk,141,32174,0,0,0
909,1,6,20230726,Delayed,111,High Risk,437,5320,1,1,111
910,5,9,20220211,Delayed,82,Medium Risk,139,15649,1,0,82
911,2,2,20220825,On Time,0,No Risk,254,14156,0,0,0
912,4,10,20231003,Cancelled,0,No Risk,631,38078,0,0,0
913,7,12,20220419,Delayed,152,High Risk,426,31562,1,1,152
914,7,2,20220620,Delayed,145,High Risk,471,34575,1,1,145
915,6,11,20220611,On Time,0,No Risk,674,30533,0,0,0
916,6,6,20230718,Cancelled,0,No Risk,392,25861,0,0,0
917,7,11,20230317,Delayed,87,Medium Risk,683,17275,1,0,87
918,4,7,20230718,Cancelled,0,No Risk,320,25093,0,0,0
919,8,8,20230211,On Time,0,No Risk,95,20143,0,0,0
920,1,9,20220519,Cancelled,0,No Risk,369,1930,0,0,0
921,5,4,20220808,Delayed,10,Low Risk,766,19585,1,0,10
922,3,2,20220208,On Time,0,No Risk,219,10570,0,0,0
923,5,6,20230820,On Time,0,No Risk,322,21180,0,0,0
924,2,10,20230214,Delayed,60,Medium Risk,811,6559,1,0,60
925,6,8,20220627,On Time,0,No Risk,766,39263,0,0,0
926,2,10,20231020,On Time,0,No Risk,808,39267,0,0,0
927,7,2,20220227,Cancelled,0,No Risk,402,24301,0,0,0
928,7,7,20220504,Delayed,63,Medium Risk,825,44280,1,0,63
929,1,11,20231010,On Time,0,No Risk,372,35865,0,0,0
930,1,6,20230707,Delayed,88,Medium Risk,574,15970,1,0,88
931,3,1,20231121,Delayed,105,High Risk,516,40502,1,1,105
932,2,4,20230319,On Time,0,No Risk,463,11200,0,0,0
933,3,6,20220326,On Time,0,No Risk,823,4731,0,0,0
934,7,5,20220329,On Time,0,No Risk,504,10044,0,0,0
935,3,8,20230727,On Time,0,No Risk,464,44245,0,0,0
936,4,9,20230923,Cancelled,0,No Risk,596,17637,0,0,0
937,4,2,20220930,Delayed,87,Medium Risk,761,39249,1,0,87
938,2,2,20231119,On Time,0,No Risk,434,24326,0,0,0
939,4,6,20221219,Delayed,11,Low Risk,372,12592,1,0,11
940,6,10,20230329,Delayed,117,High Risk,105,16801,1,1,117
941,4,11,20230118,On Time,0,No Risk,805,7123,0,0,0
942,2,12,20220225,On Time,0,No Risk,695,11178,0,0,0
943,5,1,20221218,Delayed,33,Medium Risk,372,30995,1,0,33
944,8,1,20221206,On Time,0,No Risk,610,15385,0,0,0
945,4,9,20230620,Delayed,145,High Risk,554,42331,1,1,145
946,3,12,20231217,Delayed,101,High Risk,656,44984,1,1,101
947,1,5,20220624,On Time,0,No Risk,265,41998,0,0,0
948,5,1,20230422,Delayed,7,Low Risk,128,26970,1,0,7
949,5,11,20231107,On Time,0,No Risk,170,2750,0,0,0
950,5,11,20230131,On Time,0,No Risk,449,34827,0,0,0
951,2,6,20230512,Delayed,141,High Risk,150,13717,1,1,141
952,4,9,20230414,Delayed,10,Low Risk,100,17713,1,0,10
953,5,6,20230517,On Time,0,No Risk,220,2704,0,0,0
954,6,11,20221227,On Time,0,No Risk,369,16979,0,0,0
955,5,1,20231003,On Time,0,No Risk,456,3431,0,0,0
956,5,4,20220605,On Time,0,No Risk,462,44552,0,0,0
957,3,2,20230127,On Time,0,No Risk,754,41637,0,0,0
958,4,7,20220904,Delayed,114,High Risk,379,41173,1,1,114
959,6,8,20230710,On Time,0,No Risk,728,10581,0,0,0
960,4,3,20221113,Delayed,139,High Risk,198,29684,1,1,139
961,3,11,20230802,Cancelled,0,No Risk,385,5944,0,0,0
962,2,3,20221122,Delayed,42,Medium Risk,804,3432,1,0,42
963,6,7,20230226,On Time,0,No Risk,823,43236,0,0,0
964,5,3,20220712,On Time,0,No Risk,249,3216,0,0,0
965,5,10,20230804,Delayed,157,High Risk,297,16633,1,1,157
966,1,6,20220323,Delayed,127,High Risk,197,34420,1,1,127
967,8,12,20231028,On Time,0,No Risk,456,33707,0,0,0
968,8,3,20220617,On Time,0,No Risk,93,28277,0,0,0
969,1,5,20230227,On Time,0,No Risk,747,14792,0,0,0
970,4,2,20220701,Cancelled,0,No Risk,509,41939,0,0,0
971,8,12,20221129,Delayed,68,Medium Risk,497,28033,1,0,68
972,1,10,20230125,Delayed,105,High Risk,686,38982,1,1,105
973,1,9,20220422,On Time,0,No Risk,103,17603,0,0,0
974,7,12,20220210,Delayed,137,High Risk,705,4730,1,1,137
975,4,5,20230327,On Time,0,No Risk,371,20237,0,0,0
976,8,3,20230309,On Time,0,No Risk,115,35380,0,0,0
977,3,8,20231024,On Time,0,No Risk,799,34311,0,0,0
978,2,3,20230823,Cancelled,0,No Risk,772,37309,0,0,0
979,3,7,20230228,On Time,0,No Risk,85,13222,0,0,0
980,8,10,20231231,Delayed,121,High Risk,152,17889,1,1,121
981,6,12,20231027,Cancelled,0,No Risk,227,9596,0,0,0
982,2,2,20231225,On Time,0,No Risk,431,7090,0,0,0
983,7,12,20230608,Delayed,45,Medium Risk,447,37567,1,0,45
984,7,1,20220624,Cancelled,0,No Risk,639,44722,0,0,0
985,3,3,20220529,On Time,0,No Risk,789,4862,0,0,0
986,7,5,20221113,Delayed,119,High Risk,355,42555,1,1,119
987,3,2,20220515,Cancelled,0,No Risk,63,42300,0,0,0
988,5,1,20230415,On Time,0,No Risk,570,37118,0,0,0
989,1,10,20230521,On Time,0,No Risk,662,44719,0,0,0
990,8,8,20230224,On Time,0,No Risk,675,40828,0,0,0
991,1,4,20230715,On Time,0,No Risk,703,38039,0,0,0
992,4,1,20220709,On Time,0,No Risk,728,24373,0,0,0
993,1,3,20220203,Delayed,159,High Risk,365,23199,1,1,159
994,2,1,20220422,On Time,0,No Risk,242,12073,0,0,0
995,5,10,20231108,Delayed,157,High Risk,646,38342,1,1,157
996,3,8,20230816,On Time,0,No Risk,96,7603,0,0,0
997,5,6,20230113,Delayed,22,Low Risk,836,29505,1,0,22
998,2,5,20230428,On Time,0,No Risk,771,19484,0,0,0
999,6,9,20230228,On Time,0,No Risk,772,15200,0,0,0
1000,1,2,20230809,Delayed,166,High Risk,601,7245,1,1,166
